{
  "project_info": {
    "project_number": "336709910036",
    "project_id": "apple-dev-fd681",
    "storage_bucket": "apple-dev-fd681.appspot.com"
  },
  "client": [
    {
      "client_info": {
        "mobilesdk_app_id": "1:336709910036:android:c0b4d28c49344ea7e2b101",
        "android_client_info": {
          "package_name": "jp.co.tristone.akaso"
        }
      },
      "oauth_client": [
        {
          "client_id": "336709910036-9e5shu5g48cpoeimhsrk3op1um6eij70.apps.googleusercontent.com",
          "client_type": 3
        }
      ],
      "api_key": [
        {
          "current_key": "AIzaSyD8tjIA8pr1r2eIvBADxbgbOZA2hQflwOc"
        }
      ],
      "services": {
        "appinvite_service": {
          "other_platform_oauth_client": [
            {
              "client_id": "336709910036-9e5shu5g48cpoeimhsrk3op1um6eij70.apps.googleusercontent.com",
              "client_type": 3
            },
            {
              "client_id": "336709910036-3ok1h3ql59ivbtah5ghb0d5h8jcde09t.apps.googleusercontent.com",
              "client_type": 2,
              "ios_info": {
                "bundle_id": "team.standalone.harry"
              }
            }
          ]
        }
      }
    }
  ],
  "configuration_version": "1"
}